Dates,Pollster,Sponsor,Sample,Influence,Approve,RollingWeightedApprove
2025-12-04,Rasmussen Reports,,"1,500 LV@@1500",0.903828,39.56205,39.56205
2025-12-04,RMG Research,Napolitan News Service,"3,000 RV@@3000",0.892721,40.83949,40.19682
2025-12-03,Rasmussen Reports,,"1,500 LV@@1500",0.0929596,39.56205,40.16559
2025-12-02,Rasmussen Reports,,"1,500 LV@@1500",0.085917,40.56205,40.18283
2025-12-01,YouGov,Economist,"1,628 A@@1628",0.7739585,40.61495,40.30448
2025-12-01,Rasmussen Reports,,"1,500 LV@@1500",0.1763187,41.56205,40.38026
2025-11-30,Morning Consult,,"2,200 RV@@2200",0.5731658,43.62464,40.91174
2025-11-29,TIPP Insights,League of American Workers,"1,483 A@@1483",1.29961,43.82496,41.70075
2025-11-26,Rasmussen Reports,,"1,500 LV@@1500",0.067272,42.56205,41.71266
2025-11-25,The Bullfinch Group,,"1,200 A@@1200",0.5726082,39.6516,41.49565
2025-11-25,Gallup,,"1,321 A@@1321",0.3147815,38.02891,41.30597
2025-11-25,Rasmussen Reports,,"1,500 LV@@1500",0.0591302,43.56205,41.32892
2025-11-24,YouGov,Economist,"1,677 A@@1677",0.3283207,39.61495,41.23728
2025-11-24,YouGov,Yahoo News,"1,684 A@@1684",0.2871503,41.61495,41.25415
2025-11-24,Rasmussen Reports,,"1,500 LV@@1500",0.0512028,42.56205,41.26449
2025-11-23,Morning Consult,,"2,200 RV@@2200",0.2437337,43.62464,41.35005
2025-11-21,Emerson College,Consensus Strategies,"1,000 RV@@1000",0.5620002,44.55828,41.59756
2025-11-21,InsiderAdvantage,,800 LV@@800,0.53308,40.47902,41.52129
2025-11-21,YouGov,CBS News,"2,489 A@@2489",0.2510432,41.61495,41.52421
2025-11-21,Rasmussen Reports,,"1,500 LV@@1500",0.0495803,43.56205,41.53665
2025-11-20,J.L. Partners,Daily Mail,"1,296 RV@@1296",0.5061874,41.10332,41.51122
2025-11-20,American Research Group,,"1,100 A@@1100",0.3403085,37.79819,41.37027
2025-11-20,RMG Research,Napolitan News Service,"3,000 RV@@3000",0.2053065,41.83949,41.38078
2025-11-20,Rasmussen Reports,,"1,500 LV@@1500",0.0881639,43.56205,41.40155
2025-11-19,Rasmussen Reports,,"1,500 LV@@1500",0.0265908,43.56205,41.40774
2025-11-18,Rasmussen Reports,,"1,500 LV@@1500",0.0238765,43.56205,41.41326
2025-11-17,Beacon Research/Shaw & Co. Research,FOX News,"1,005 RV@@1005",0.4173049,40.43835,41.37143
2025-11-17,Echelon Insights,,"1,051 LV@@1051",0.3353063,41.055,41.36089
2025-11-17,The Argument/Verasight,,"1,508 RV@@1508",0.2985701,42.14847,41.38358
2025-11-17,Ipsos,Reuters,"1,017 A@@1017",0.1981537,40.02571,41.35810
2025-11-17,YouGov,Economist,"1,549 A@@1549",0.1324309,41.61495,41.36128
2025-11-17,Rasmussen Reports,,"1,500 LV@@1500",0.0212167,43.56205,41.36564
2025-11-16,Morning Consult,,"2,201 RV@@2201",0.0786901,44.62464,41.38941
2025-11-14,High Point University,,"1,004 A@@1004",0.1923768,36.83036,41.30955
2025-11-14,Verasight,Strength in Numbers,"2,038 A@@2038",0.191508,42.01431,41.32163
2025-11-14,Rasmussen Reports,,"1,500 LV@@1500",0.0224122,42.56205,41.32411
2025-11-13,Marist College,NPR | PBS News,"1,443 A@@1443",0.2812886,40.02982,41.29239
2025-11-13,RMG Research,Napolitan News Service,"3,000 RV@@3000",0.0609134,44.83949,41.31112
2025-11-13,Rasmussen Reports,,"1,500 LV@@1500",0.0326931,40.56205,41.30900
2025-11-13,Morning Consult,Deseret News,"1,745 RV@@1745",0.0311489,41.62464,41.30985
2025-11-12,Marquette University Law School,,"1,052 A@@1052",0.1663489,42.78012,41.33063
2025-11-12,Morning Consult,,"27,608 A@@27608",0.0728229,39.72464,41.32075
2025-11-12,Ipsos,Reuters,938 RV@@938,0.0674965,42.02571,41.32475
2025-11-12,Rasmussen Reports,,"1,500 LV@@1500",0.0083949,41.56205,41.32492
2025-11-11,Rasmussen Reports,,"1,500 LV@@1500",0.0075253,41.56205,41.32507
2025-11-10,AP-NORC,,"1,143 A@@1143",0.106046,38.28137,41.29824
2025-11-10,YouGov,Economist,"1,663 A@@1663",0.0424554,40.61495,41.29584
2025-11-10,Rasmussen Reports,,"1,500 LV@@1500",0.0066657,41.56205,41.29598
2025-11-09,Global Strategy Group/GBAO (Navigator Research),,"1,000 RV@@1000",0.0468249,40.38024,41.29245
2025-11-09,Morning Consult,,"2,201 RV@@2201",0.0239752,42.62464,41.29508
2025-11-07,Rasmussen Reports,,"1,500 LV@@1500",0.0069552,41.56205,41.29523
2025-11-06,Harris Insights & Analytics,Harvard CAPS,"2,000 RV@@2000",0.0851965,42.54302,41.30391
2025-11-06,RMG Research,Napolitan News Service,"3,000 RV@@3000",0.0171642,41.83949,41.30466
2025-11-06,Rasmussen Reports,,"1,500 LV@@1500",0.0098715,42.56205,41.30567
2025-11-05,Rasmussen Reports,,"1,500 LV@@1500",0.002468,42.56205,41.30592
2025-11-04,Emerson College,,"1,000 RV@@1000",0.0647223,40.65828,41.30253
2025-11-04,Rasmussen Reports,,"1,500 LV@@1500",0.0016478,42.56205,41.30270
2025-11-03,Global Strategy Group/GBAO (Navigator Research),,"1,000 RV@@1000",0.0133694,41.38024,41.30278
2025-11-03,YouGov,Economist,"1,656 A@@1656",0.0123401,40.61495,41.30209
2025-11-03,Rasmussen Reports,,"1,500 LV@@1500",0.0008255,43.56205,41.30224
2025-11-02,Morning Consult,,"2,202 RV@@2202",0.0056245,43.62464,41.30330
2025-10-31,Talker Research,Scripps News,"1,000 A@@1000",0,43.76028,41.30330
2025-10-31,Rasmussen Reports,,"1,500 LV@@1500",0,41.56205,41.30330
2025-10-31,TIPP Insights,Issues & Insights,"1,418 A@@1418",0,40.82496,41.30330
2025-10-31,YouGov,CBS News,"2,124 A@@2124",0,42.61495,41.30330
2025-10-30,SSRS,CNN,"1,245 A@@1245",0,38.11805,41.30330
2025-10-30,Rasmussen Reports,,"1,500 LV@@1500",0,41.56205,41.30330
2025-10-30,RMG Research,Napolitan News Service,"3,000 RV@@3000",0,43.83949,41.30330
2025-10-29,Targoz Market Research,Overton Insights,"1,200 RV@@1200",0,43.1853,41.30330
2025-10-29,NewsNation,,"1,610 RV@@1610",0,41.17906,41.30330
2025-10-29,Verasight,Strength in Numbers,"1,567 A@@1567",0,42.01431,41.30330
2025-10-29,Rasmussen Reports,,"1,500 LV@@1500",0,41.56205,41.30330
2025-10-28,Hart Research Associates/Public Opinion Strategies,NBC News,"1,000 RV@@1000",0,42.77336,41.30330
2025-10-28,Ipsos,The Washington Post | ABC News,"2,725 A@@2725",0,43.02571,41.30330
2025-10-28,Rasmussen Reports,,"1,500 LV@@1500",0,41.56205,41.30330
2025-10-27,YouGov,Economist,"1,623 A@@1623",0,40.61495,41.30330
2025-10-27,Rasmussen Reports,,"1,500 LV@@1500",0,41.56205,41.30330
2025-10-27,Global Strategy Group/GBAO (Navigator Research),,"1,000 RV@@1000",0,41.38024,41.30330
2025-10-27,YouGov,Yahoo News,"1,770 A@@1770",0,41.61495,41.30330
2025-10-26,Ipsos,Reuters,"1,018 A@@1018",0,42.02571,41.30330
2025-10-26,Morning Consult,,"2,202 RV@@2202",0,44.62464,41.30330
2025-10-24,Rasmussen Reports,,"1,500 LV@@1500",0,42.56205,41.30330
2025-10-23,Rasmussen Reports,,"1,500 LV@@1500",0,43.56205,41.30330
2025-10-23,Clarity Campaign Labs,,"1,047 RV@@1047",0,45.05738,41.30330
2025-10-22,Rasmussen Reports,,"1,500 LV@@1500",0,44.56205,41.30330
2025-10-22,RMG Research,Napolitan News Service,"3,000 RV@@3000",0,46.83949,41.30330
2025-10-21,Rasmussen Reports,,"1,500 LV@@1500",0,44.56205,41.30330
2025-10-20,Echelon Insights,,"1,010 LV@@1010",0,45.055,41.30330
2025-10-20,Ipsos,Reuters,"4,385 A@@4385",0,44.02571,41.30330
2025-10-20,YouGov,University of Massachusetts Lowell,"1,000 A@@1000",0,43.61495,41.30330
2025-10-20,American Research Group,,"1,100 A@@1100",0,39.79819,41.30330
2025-10-20,YouGov,Economist,"1,621 A@@1621",0,40.61495,41.30330
2025-10-20,Quinnipiac University,,"1,327 RV@@1327",0,42.53584,41.30330
2025-10-20,Rasmussen Reports,,"1,500 LV@@1500",0,44.56205,41.30330
2025-10-20,Global Strategy Group/GBAO (Navigator Research),,"1,000 RV@@1000",0,43.38024,41.30330
2025-10-19,Morning Consult,,"2,200 RV@@2200",0,44.62464,41.30330
2025-10-19,Hart Research,Senate Majority PAC,"1,221 LV@@1221",0,44.62543,41.30330
2025-10-17,Rasmussen Reports,,"1,500 LV@@1500",0,44.56205,41.30330
2025-10-16,Rasmussen Reports,,"1,500 LV@@1500",0,45.56205,41.30330
2025-10-16,The Bullfinch Group,Independent Center,"1,200 A@@1200",0,42.6516,41.30330
2025-10-16,RMG Research,Napolitan News Service,"3,000 RV@@3000",0,47.83949,41.30330
2025-10-16,Gallup,,"1,000 A@@1000",0,43.02891,41.30330
2025-10-16,The Argument/Verasight,,"1,530 RV@@1530",0,44.14847,41.30330
2025-10-15,J.L. Partners,Daily Mail,"1,004 RV@@1004",0,46.10332,41.30330
2025-10-15,Rasmussen Reports,,"1,500 LV@@1500",0,46.56205,41.30330
2025-10-14,Rasmussen Reports,,"1,500 LV@@1500",0,46.56205,41.30330
2025-10-14,Emerson College,,"1,000 RV@@1000",0,44.85828,41.30330
2025-10-13,AP-NORC,,"1,289 A@@1289",0,39.28137,41.30330
2025-10-13,YouGov,Economist,"1,622 A@@1622",0,41.61495,41.30330
2025-10-13,Global Strategy Group/GBAO (Navigator Research),,"1,000 RV@@1000",0,44.38024,41.30330
2025-10-13,Rasmussen Reports,,"1,500 LV@@1500",0,47.56205,41.30330
2025-10-12,Morning Consult,,"2,202 RV@@2202",0,43.62464,41.30330
2025-10-12,John Zogby Strategies,,"1,000 LV@@1000",0,43.57634,41.30330
2025-10-12,Hart Research Associates/Public Opinion Strategies,CNBC,"1,000 A@@1000",0,43.77336,41.30330
2025-10-10,Rasmussen Reports,,"1,500 LV@@1500",0,47.56205,41.30330
2025-10-09,RMG Research,Napolitan News Service,"3,000 RV@@3000",0,46.83949,41.30330
2025-10-09,Rasmussen Reports,,"1,500 LV@@1500",0,47.56205,41.30330
2025-10-08,Rasmussen Reports,,"1,500 LV@@1500",0,45.56205,41.30330
2025-10-07,Ipsos,Reuters,"1,154 A@@1154",0,42.02571,41.30330
2025-10-07,Rasmussen Reports,,"1,500 LV@@1500",0,44.56205,41.30330
2025-10-07,Morning Consult,,"27,079 A@@27079",0,42.02464,41.30330
2025-10-06,Rasmussen Reports,,"1,500 LV@@1500",0,43.56205,41.30330
2025-10-06,YouGov,Economist,"1,648 A@@1648",0,40.61495,41.30330
2025-10-06,OH Predictive Insights,Center Square,"2,565 RV@@2565",0,47.29945,41.30330
2025-10-05,Global Strategy Group/GBAO (Navigator Research),,"1,000 RV@@1000",0,44.38024,41.30330
2025-10-05,Morning Consult,,"2,200 RV@@2200",0,44.62464,41.30330
2025-10-03,Rasmussen Reports,,"1,500 LV@@1500",0,42.56205,41.30330
2025-10-03,YouGov,CBS News,"2,441 A@@2441",0,43.61495,41.30330
2025-10-02,TIPP Insights,Issues & Insights,"1,459 A@@1459",0,42.82496,41.30330
2025-10-02,Harris Insights & Analytics,Harvard CAPS,"2,413 RV@@2413",0,44.54302,41.30330
2025-10-02,Rasmussen Reports,,"1,500 LV@@1500",0,42.56205,41.30330
2025-10-01,Rasmussen Reports,,"1,500 LV@@1500",0,43.56205,41.30330
2025-10-01,RMG Research,Napolitan News Service,"3,000 RV@@3000",0,46.83949,41.30330
2025-09-30,InsiderAdvantage,,800 LV@@800,0,48.47902,41.30330
2025-09-30,Rasmussen Reports,,"1,500 LV@@1500",0,45.56205,41.30330
2025-09-29,YouGov,Economist,"1,656 A@@1656",0,41.61495,41.30330
2025-09-29,Rasmussen Reports,,"1,500 LV@@1500",0,45.56205,41.30330
2025-09-29,YouGov,Yahoo News,"1,676 A@@1676",0,42.61495,41.30330
2025-09-29,Leger,,"1,010 A@@1010",0,40.37664,41.30330
2025-09-28,Pew Research Center,,"3,445 A@@3445",0,41.88805,41.30330
2025-09-28,Morning Consult,,"2,202 RV@@2202",0,44.62464,41.30330
2025-09-27,The New York Times/Siena College,,"1,313 RV@@1313",0,43.38463,41.30330
2025-09-26,Marist College,NPR | PBS News,"1,477 A@@1477",0,42.02982,41.30330
2025-09-26,Rasmussen Reports,,"1,500 LV@@1500",0,46.56205,41.30330
2025-09-25,Rasmussen Reports,,"1,500 LV@@1500",0,45.56205,41.30330
2025-09-24,RMG Research,Napolitan News Service,"3,000 RV@@3000",0,45.83949,41.30330
2025-09-24,Rasmussen Reports,,"1,500 LV@@1500",0,45.56205,41.30330
2025-09-24,Marquette University Law School,,"1,043 A@@1043",0,42.78012,41.30330
2025-09-23,Rasmussen Reports,,"1,500 LV@@1500",0,44.56205,41.30330
2025-09-22,Echelon Insights,,"1,071 LV@@1071",0,44.055,41.30330
2025-09-22,Rasmussen Reports,,"1,500 LV@@1500",0,46.56205,41.30330
2025-09-22,YouGov,Economist,"1,551 A@@1551",0,40.61495,41.30330
2025-09-21,Ipsos,Reuters,"1,019 A@@1019",0,43.02571,41.30330
2025-09-21,Quinnipiac University,,"1,276 RV@@1276",0,40.53584,41.30330
2025-09-21,Morning Consult,,"2,201 RV@@2201",0,44.62464,41.30330
2025-09-20,American Research Group,,"1,100 A@@1100",0,39.79819,41.30330
2025-09-19,Verasight,Strength in Numbers,"1,500 A@@1500",0,43.01431,41.30330
2025-09-19,Rasmussen Reports,,"1,500 LV@@1500",0,46.56205,41.30330
2025-09-18,Rasmussen Reports,,"1,500 LV@@1500",0,49.56205,41.30330
2025-09-18,The Argument/Verasight,,"1,541 RV@@1541",0,42.14847,41.30330
2025-09-17,Rasmussen Reports,,"1,500 LV@@1500",0,47.56205,41.30330
2025-09-17,RMG Research,Napolitan News Service,"3,000 RV@@3000",0,46.83949,41.30330
2025-09-16,Rasmussen Reports,,"1,500 LV@@1500",0,46.56205,41.30330
2025-09-16,"Normington, Petts & Associates",Third Way,800 LV@@800,0,44.73517,41.30330
2025-09-16,Gallup,,"1,000 A@@1000",0,42.02891,41.30330
2025-09-16,AtlasIntel,,"1,066 A@@1066",0,46.46828,41.30330
2025-09-16,TIPP Insights,League of American Workers,"1,561 RV@@1561",0,45.82496,41.30330
2025-09-15,YouGov,,"1,103 A@@1103",0,42.61495,41.30330
2025-09-15,AP-NORC,,"1,183 A@@1183",0,41.28137,41.30330
2025-09-15,Ipsos,The Washington Post,"2,513 A@@2513",0,45.02571,41.30330
2025-09-15,SurveyMonkey,The 19th,"20,807 A@@20807",0,43.15535,41.30330
2025-09-15,Rasmussen Reports,,"1,500 LV@@1500",0,44.56205,41.30330
2025-09-15,YouGov,Economist,"1,567 A@@1567",0,40.61495,41.30330
2025-09-14,Morning Consult,,"2,204 RV@@2204",0,44.62464,41.30330
2025-09-12,Rasmussen Reports,,"1,500 LV@@1500",0,44.56205,41.30330
2025-09-11,Clarity Campaign Labs,,"1,001 RV@@1001",0,45.05738,41.30330
2025-09-11,RMG Research,Napolitan News Service,"3,000 RV@@3000",0,45.83949,41.30330
2025-09-11,The Bullfinch Group,Independent Center,"2,000 A@@2000",0,45.6516,41.30330
2025-09-11,Rasmussen Reports,,"1,500 LV@@1500",0,44.56205,41.30330
2025-09-10,Rasmussen Reports,,"1,500 LV@@1500",0,44.56205,41.30330
2025-09-09,Rasmussen Reports,,"1,500 LV@@1500",0,44.56205,41.30330
2025-09-09,Beacon Research/Shaw & Co. Research,FOX News,"1,004 RV@@1004",0,45.43835,41.30330
2025-09-09,Ipsos,Reuters,"1,084 A@@1084",0,44.02571,41.30330
2025-09-09,YouGov,Taxpayers Protection Alliance,"2,030 A@@2030",0,43.61495,41.30330
2025-09-08,Global Strategy Group/GBAO (Navigator Research),,"1,000 RV@@1000",0,43.38024,41.30330
2025-09-08,Public Religion Research Institute,"Brookings Institute, Carnegie Corporation of New York, Ford Foundation, Unitarian Universalist Veatch Program at Shelter Rock","5,543 A@@5543",0,43.18615,41.30330
2025-09-08,YouGov,Economist,"1,644 A@@1644",0,42.61495,41.30330
2025-09-08,Morning Consult,,"31,492 A@@31492",0,42.82464,41.30330
2025-09-08,Rasmussen Reports,,"1,500 LV@@1500",0,44.56205,41.30330
2025-09-08,Morning Consult,,"2,201 RV@@2201",0,43.62464,41.30330
2025-09-05,YouGov,CBS News,"2,385 A@@2385",0,45.61495,41.30330
2025-09-05,Rasmussen Reports,,"1,500 LV@@1500",0,45.56205,41.30330
2025-09-04,Rasmussen Reports,,"1,500 LV@@1500",0,44.56205,41.30330
2025-09-03,RMG Research,Napolitan News Service,"3,000 RV@@3000",0,45.83949,41.30330
2025-09-03,Rasmussen Reports,,"1,500 LV@@1500",0,44.56205,41.30330
2025-09-02,J.L. Partners,Daily Mail,867 RV@@867,0,49.10332,41.30330
2025-09-02,YouGov,Economist,"1,691 A@@1691",0,42.61495,41.30330
2025-09-02,YouGov,Yahoo News,"1,690 A@@1690",0,41.61495,41.30330
2025-09-01,Rasmussen Reports,,"1,500 LV@@1500",0,44.56205,41.30330
2025-09-01,SurveyMonkey,NBC News,"30,196 A@@30196",0,43.15535,41.30330
2025-08-31,John Zogby Strategies,,"1,005 LV@@1005",0,45.67634,41.30330
2025-08-31,Morning Consult,,"2,202 RV@@2202",0,44.62464,41.30330
2025-08-31,Leger,,"1,014 A@@1014",0,41.37664,41.30330
2025-08-29,TIPP Insights,Issues & Insights,"1,362 A@@1362",0,43.82496,41.30330
2025-08-29,Rasmussen Reports,,"1,500 LV@@1500",0,44.56205,41.30330
2025-08-28,RMG Research,Napolitan News Service,"3,000 RV@@3000",0,45.83949,41.30330
2025-08-28,Rasmussen Reports,,"1,500 LV@@1500",0,44.56205,41.30330
2025-08-27,Rasmussen Reports,,"1,500 LV@@1500",0,44.56205,41.30330
2025-08-26,Talker Research,Scripps News,"1,000 A@@1000",0,42.76028,41.30330
2025-08-26,Emerson College,,"1,000 RV@@1000",0,44.25829,41.30330
2025-08-26,Rasmussen Reports,,"1,500 LV@@1500",0,45.56205,41.30330
2025-08-25,AP-NORC,,"1,182 A@@1182",0,47.28137,41.30330
2025-08-25,Rasmussen Reports,,"1,500 LV@@1500",0,46.56205,41.30330
2025-08-25,Quinnipiac University,,"1,220 RV@@1220",0,39.53584,41.30330
2025-08-25,YouGov,Economist,"1,523 A@@1523",0,42.61495,41.30330
2025-08-24,Morning Consult,,"2,200 RV@@2200",0,45.62464,41.30330
2025-08-24,Ipsos,Reuters,"1,022 A@@1022",0,42.02571,41.30330
2025-08-22,Rasmussen Reports,,"1,500 LV@@1500",0,46.56205,41.30330
2025-08-21,Rasmussen Reports,,"1,500 LV@@1500",0,45.56205,41.30330
2025-08-21,Verasight,Strength in Numbers,"1,500 A@@1500",0,42.01431,41.30330
2025-08-21,RMG Research,Napolitan News Service,"3,000 RV@@3000",0,44.83949,41.30330
2025-08-21,Harris Insights & Analytics,Harvard CAPS,"2,025 RV@@2025",0,45.54302,41.30330
2025-08-20,Rasmussen Reports,,"1,500 LV@@1500",0,45.56205,41.30330
2025-08-20,American Research Group,,"1,100 A@@1100",0,40.79819,41.30330
2025-08-20,Gallup,,"1,094 A@@1094",0,42.02891,41.30330
2025-08-19,Rasmussen Reports,,"1,500 LV@@1500",0,45.56205,41.30330
2025-08-18,Morning Consult,,"2,201 RV@@2201",0,45.62464,41.30330
2025-08-18,Echelon Insights,,"1,057 LV@@1057",0,46.055,41.30330
2025-08-18,Rasmussen Reports,,"1,500 LV@@1500",0,44.56205,41.30330
2025-08-18,YouGov,Economist,"1,568 A@@1568",0,41.61495,41.30330
2025-08-18,Ipsos,Reuters,"4,446 A@@4446",0,42.02571,41.30330
2025-08-17,InsiderAdvantage,,"1,000 LV@@1000",0,50.47902,41.30330
2025-08-17,The Argument/Verasight,,"1,562 RV@@1562",0,43.14847,41.30330
2025-08-15,Rasmussen Reports,,"1,500 LV@@1500",0,43.56205,41.30330
2025-08-14,Rasmussen Reports,,"1,500 LV@@1500",0,45.56205,41.30330
2025-08-14,RMG Research,Napolitan News Service,"3,000 RV@@3000",0,43.83949,41.30330
2025-08-13,Rasmussen Reports,,"1,500 LV@@1500",0,44.56205,41.30330
2025-08-12,Rasmussen Reports,,"1,500 LV@@1500",0,45.56205,41.30330
2025-08-12,Merlin Strategy,Azoria Capital,"2,000 A@@2000",0,42.50898,41.30330
2025-08-11,Global Strategy Group/GBAO (Navigator Research),,"1,000 RV@@1000",0,43.38024,41.30330
2025-08-11,Rasmussen Reports,,"1,500 LV@@1500",0,44.56205,41.30330
2025-08-11,YouGov,Economist,"1,635 A@@1635",0,43.61495,41.30330
2025-08-10,Pew Research Center,,"3,554 A@@3554",0,39.88805,41.30330
2025-08-10,Morning Consult,,"2,200 RV@@2200",0,44.62464,41.30330
2025-08-09,Morning Consult,,"33,231 A@@33231",0,43.52464,41.30330
2025-08-08,Rasmussen Reports,,"1,500 LV@@1500",0,44.56205,41.30330
2025-08-07,RMG Research,Napolitan News Service,"3,000 RV@@3000",0,45.83949,41.30330
2025-08-07,Rasmussen Reports,,"1,500 LV@@1500",0,43.56205,41.30330
2025-08-05,Rasmussen Reports,,"1,500 LV@@1500",0,43.56205,41.30330
2025-08-04,Rasmussen Reports,,"1,500 LV@@1500",0,44.56205,41.30330
2025-08-04,YouGov,Economist,"1,702 A@@1702",0,42.61495,41.30330
2025-08-03,Hart Research Associates/Public Opinion Strategies,CNBC,"1,000 A@@1000",0,45.77336,41.30330
2025-08-03,Morning Consult,,"2,201 RV@@2201",0,43.62464,41.30330
2025-08-01,Rasmussen Reports,,"1,500 LV@@1500",0,44.56205,41.30330
2025-08-01,TIPP Insights,Issues & Insights,"1,362 A@@1362",0,45.82496,41.30330
2025-07-31,Rasmussen Reports,,"1,500 LV@@1500",0,45.56205,41.30330
2025-07-31,Clarity Campaign Labs,,"1,018 RV@@1018",0,45.05738,41.30330
2025-07-31,RMG Research,Napolitan News Service,"3,000 RV@@3000",0,45.83949,41.30330
2025-07-30,University of Massachusetts (Amherst),WCVB-TV,"1,000 A@@1000",0,39.181,41.30330
2025-07-30,Rasmussen Reports,,"1,500 LV@@1500",0,45.56205,41.30330
2025-07-29,John Zogby Strategies,,"1,010 LV@@1010",0,42.67634,41.30330
2025-07-29,Rasmussen Reports,,"1,500 LV@@1500",0,44.56205,41.30330
2025-07-28,Rasmussen Reports,,"1,500 LV@@1500",0,44.56205,41.30330
2025-07-28,YouGov,Yahoo News,"1,729 A@@1729",0,40.61495,41.30330
2025-07-28,YouGov,Economist,"1,777 A@@1777",0,41.61495,41.30330
2025-07-27,Leger,"Maintenant Media, 338Canada","1,007 A@@1007",0,39.37664,41.30330
2025-07-27,Morning Consult,,"2,203 RV@@2203",0,45.62464,41.30330
2025-07-27,Ipsos,Reuters,"1,023 A@@1023",0,42.02571,41.30330
2025-07-25,Rasmussen Reports,,"1,500 LV@@1500",0,43.56205,41.30330
2025-07-24,Rasmussen Reports,,"1,500 LV@@1500",0,44.56205,41.30330
2025-07-24,RMG Research,Napolitan News Service,"3,000 RV@@3000",0,45.83949,41.30330
2025-07-24,McLaughlin & Associates,America's New Majority Project,"2,000 RV@@2000",0,45.15004,41.30330
2025-07-23,Trafalgar Group/Insider Advantage,,"1,200 LV@@1200",0,48.22127,41.30330
2025-07-23,Rasmussen Reports,,"1,500 LV@@1500",0,45.56205,41.30330
2025-07-22,Rasmussen Reports,,"1,500 LV@@1500",0,46.56205,41.30330
2025-07-22,The Bullfinch Group,,"1,200 A@@1200",0,41.6516,41.30330
2025-07-22,J.L. Partners,Daily Mail,"1,007 RV@@1007",0,45.10332,41.30330
2025-07-22,Emerson College,Nexstar,"1,400 RV@@1400",0,45.25829,41.30330
2025-07-21,Gallup,,"1,002 A@@1002",0,39.02891,41.30330
2025-07-21,YouGov,Economist,"1,729 A@@1729",0,42.61495,41.30330
2025-07-21,YouGov,The Times of London,"1,470 A@@1470",0,40.61495,41.30330
2025-07-21,High Point University,,"1,000 A@@1000",0,40.83036,41.30330
2025-07-21,GBAO,Third Way,"2,000 RV@@2000",0,44.52821,41.30330
2025-07-21,Global Strategy Group/GBAO (Navigator Research),,"1,000 RV@@1000",0,43.38024,41.30330
2025-07-21,Rasmussen Reports,,"1,500 LV@@1500",0,46.56205,41.30330
2025-07-21,Beacon Research/Shaw & Co. Research,FOX News,"1,000 RV@@1000",0,45.43835,41.30330
2025-07-20,American Research Group,,"1,100 A@@1100",0,40.79819,41.30330
2025-07-20,Morning Consult,,"2,202 RV@@2202",0,43.62464,41.30330
2025-07-20,Fabrizio Lee & Associates/Impact Research,Wall Street Journal,"1,500 RV@@1500",0,45.81487,41.30330
2025-07-18,Rasmussen Reports,,"1,500 LV@@1500",0,46.56205,41.30330
2025-07-18,YouGov,CBS News,"2,343 A@@2343",0,43.61495,41.30330
2025-07-18,AtlasIntel,,"1,935 A@@1935",0,43.86828,41.30330
2025-07-17,Rasmussen Reports,,"1,500 LV@@1500",0,46.56205,41.30330
2025-07-16,Verasight,Strength in Numbers,"1,500 A@@1500",0,43.01431,41.30330
2025-07-16,RMG Research,Napolitan News Service,"3,000 RV@@3000",0,47.83949,41.30330
2025-07-16,Ipsos,Reuters,"1,027 A@@1027",0,43.02571,41.30330
2025-07-16,Rasmussen Reports,,"1,500 LV@@1500",0,45.56205,41.30330
2025-07-16,Marquette University Law School,,"1,005 A@@1005",0,44.78012,41.30330
2025-07-15,Rasmussen Reports,,"1,500 LV@@1500",0,44.56205,41.30330
2025-07-14,Quinnipiac University,,"1,290 RV@@1290",0,42.53584,41.30330
2025-07-14,Echelon Insights,,"1,084 LV@@1084",0,44.055,41.30330
2025-07-14,YouGov,Economist,"1,680 A@@1680",0,42.61495,41.30330
2025-07-14,Rasmussen Reports,,"1,500 LV@@1500",0,43.56205,41.30330
2025-07-14,AP-NORC,,"1,473 A@@1473",0,42.28137,41.30330
2025-07-13,SSRS,CNN,"1,057 A@@1057",0,43.11805,41.30330
2025-07-13,YouGov,,"2,104 A@@2104",0,40.61495,41.30330
2025-07-13,Morning Consult,,"2,201 RV@@2201",0,45.62464,41.30330
2025-07-11,Rasmussen Reports,,"1,500 LV@@1500",0,44.56205,41.30330
2025-07-10,Morning Consult,,"35,090 A@@35090",0,42.61464,41.30330
2025-07-10,Rasmussen Reports,,"1,500 LV@@1500",0,44.56205,41.30330
2025-07-10,J.L. Partners,Daily Mail,"1,013 RV@@1013",0,44.10332,41.30330
2025-07-10,RMG Research,Napolitan News Service,"3,000 RV@@3000",0,45.83949,41.30330
2025-07-09,Rasmussen Reports,,"1,500 LV@@1500",0,44.56205,41.30330
2025-07-08,Rasmussen Reports,,"1,500 LV@@1500",0,45.56205,41.30330
2025-07-08,Harris Insights & Analytics,Harvard CAPS,"2,044 RV@@2044",0,45.54302,41.30330
2025-07-07,Rasmussen Reports,,"1,500 LV@@1500",0,46.56205,41.30330
2025-07-07,YouGov,Economist,"1,528 A@@1528",0,43.61495,41.30330
2025-07-06,Morning Consult,,"2,203 RV@@2203",0,43.62464,41.30330
2025-07-06,Rasmussen Reports,,"1,500 LV@@1500",0,43.56205,41.30330
2025-07-03,Rasmussen Reports,,"1,500 LV@@1500",0,46.56205,41.30330
2025-07-02,Rasmussen Reports,,"1,500 LV@@1500",0,45.56205,41.30330
2025-07-01,Rasmussen Reports,,"1,500 LV@@1500",0,46.56205,41.30330
2025-06-30,Rasmussen Reports,,"1,500 LV@@1500",0,47.56205,41.30330
2025-06-30,YouGov,Yahoo News,"1,597 A@@1597",0,41.61495,41.30330
2025-06-30,Global Strategy Group/GBAO (Navigator Research),,"1,000 RV@@1000",0,45.38024,41.30330
2025-06-30,YouGov,Economist,"1,648 A@@1648",0,43.61495,41.30330
2025-06-29,Morning Consult,,"2,202 RV@@2202",0,45.62464,41.30330
2025-06-28,TIPP Insights,Issues & Insights,"1,421 A@@1421",0,44.82496,41.30330
2025-06-27,Rasmussen Reports,,"1,500 LV@@1500",0,47.56205,41.30330
2025-06-26,Rasmussen Reports,,"1,500 LV@@1500",0,47.56205,41.30330
2025-06-26,The Tyson Group,,"1,027 A@@1027",0,44.92893,41.30330
2025-06-26,Targoz Market Research,Overton Insights,"1,200 RV@@1200",0,43.1853,41.30330
2025-06-26,RMG Research,Napolitan News Service,"3,000 RV@@3000",0,46.83949,41.30330
2025-06-25,Emerson College,,"1,000 RV@@1000",0,44.45829,41.30330
2025-06-25,Marist College,NPR | PBS News,"1,381 A@@1381",0,44.02982,41.30330
2025-06-25,John Zogby Strategies,,"1,006 LV@@1006",0,44.67634,41.30330
2025-06-25,Rasmussen Reports,,"1,500 LV@@1500",0,47.56205,41.30330
2025-06-25,American Pulse Research & Polling,,633 RV@@633,0,48.37593,41.30330
2025-06-24,Quinnipiac University,,979 RV@@979,0,43.53584,41.30330
2025-06-24,Rasmussen Reports,,"1,500 LV@@1500",0,48.56205,41.30330
2025-06-23,Rasmussen Reports,,"1,500 LV@@1500",0,48.56205,41.30330
2025-06-23,Ipsos,Reuters,"1,139 A@@1139",0,43.02571,41.30330
2025-06-23,YouGov,Economist,"1,590 A@@1590",0,41.61495,41.30330
2025-06-22,Morning Consult,,"2,205 RV@@2205",0,43.62464,41.30330
2025-06-22,Ipsos,Reuters,"1,144 A@@1144",0,43.02571,41.30330
2025-06-20,Trafalgar Group,,"1,085 LV@@1085",0,51.28903,41.30330
2025-06-20,Rasmussen Reports,,"1,500 LV@@1500",0,47.56205,41.30330
2025-06-20,American Research Group,,"1,100 A@@1100",0,40.79819,41.30330
2025-06-20,The Bullfinch Group,Exiled Policy,"1,223 A@@1223",0,41.6516,41.30330
2025-06-19,Gallup,,"1,000 A@@1000",0,42.02891,41.30330
2025-06-19,RMG Research,Napolitan News Service,"3,000 RV@@3000",0,48.83949,41.30330
2025-06-19,Rasmussen Reports,,"1,500 LV@@1500",0,48.56205,41.30330
2025-06-18,Rasmussen Reports,,"1,500 LV@@1500",0,48.56205,41.30330
2025-06-18,Echelon Insights,,"1,002 LV@@1002",0,47.055,41.30330
2025-06-17,J.L. Partners,,"1,039 RV@@1039",0,46.10332,41.30330
2025-06-17,Echelon Insights,,982 LV@@982,0,44.055,41.30330
2025-06-17,Rasmussen Reports,,"1,500 LV@@1500",0,48.56205,41.30330
2025-06-16,InsiderAdvantage,,"1,000 LV@@1000",0,50.87902,41.30330
2025-06-16,Ipsos,Reuters,"4,258 A@@4258",0,44.02571,41.30330
2025-06-16,Beacon Research/Shaw & Co. Research,FOX News,"1,003 RV@@1003",0,45.43835,41.30330
2025-06-16,YouGov,Economist,"1,512 A@@1512",0,42.61495,41.30330
2025-06-16,Rasmussen Reports,,"1,500 LV@@1500",0,48.56205,41.30330
2025-06-15,Morning Consult,,"2,207 RV@@2207",0,44.62464,41.30330
2025-06-15,McLaughlin & Associates,America's New Majority Project,"2,000 RV@@2000",0,45.25003,41.30330
2025-06-14,Clarity Campaign Labs,,"1,000 RV@@1000",0,46.05738,41.30330
2025-06-14,The Winston Group,Winning the Issues,"1,000 RV@@1000",0,42.74494,41.30330
2025-06-13,Rasmussen Reports,,"1,500 LV@@1500",0,48.56205,41.30330
2025-06-12,RMG Research,Napolitan News Service,"3,000 RV@@3000",0,47.83949,41.30330
2025-06-12,Harris Insights & Analytics,Harvard CAPS,"2,097 RV@@2097",0,44.54302,41.30330
2025-06-12,Rasmussen Reports,,"1,500 LV@@1500",0,49.56205,41.30330
2025-06-12,Verasight,Strength in Numbers,"1,500 A@@1500",0,43.01431,41.30330
2025-06-11,Rasmussen Reports,,"1,500 LV@@1500",0,49.56205,41.30330
2025-06-11,TIPP Insights,League of American Workers,"1,584 RV@@1584",0,43.82496,41.30330
2025-06-11,J.L. Partners,,"1,807 RV@@1807",0,42.10332,41.30330
2025-06-10,Rasmussen Reports,,"1,500 LV@@1500",0,48.56205,41.30330
2025-06-10,SurveyMonkey,NBC News,"19,410 A@@19410",0,45.15535,41.30330
2025-06-09,Quinnipiac University,,"1,265 RV@@1265",0,40.53584,41.30330
2025-06-09,Global Strategy Group/GBAO (Navigator Research),,"1,000 RV@@1000",0,42.38024,41.30330
2025-06-09,Rasmussen Reports,,"1,500 LV@@1500",0,47.56205,41.30330
2025-06-09,Morning Consult,,"35,946 A@@35946",0,48.43464,41.30330
2025-06-09,AP-NORC,,"1,158 A@@1158",0,41.28137,41.30330
2025-06-09,YouGov,Economist,"1,533 A@@1533",0,44.61495,41.30330
2025-06-08,Morning Consult,,"1,867 RV@@1867",0,45.62464,41.30330
2025-06-08,Pew Research Center,,"5,044 A@@5044",0,42.88805,41.30330
2025-06-06,J.L. Partners,Daily Mail,"1,006 RV@@1006",0,43.10332,41.30330
2025-06-06,Rasmussen Reports,,"1,500 LV@@1500",0,47.56205,41.30330
2025-06-06,YouGov,CBS News,"2,428 A@@2428",0,46.61495,41.30330
2025-06-05,PureSpectrum,,"30,967 A@@30967",0,39.92407,41.30330
2025-06-05,Rasmussen Reports,,"1,500 LV@@1500",0,46.56205,41.30330
2025-06-04,Rasmussen Reports,,"1,500 LV@@1500",0,47.56205,41.30330
2025-06-03,RMG Research,Napolitan News Service,"3,000 RV@@3000",0,46.83949,41.30330
2025-06-03,Rasmussen Reports,,"1,500 LV@@1500",0,48.56205,41.30330
2025-06-02,Rasmussen Reports,,"1,500 LV@@1500",0,48.56205,41.30330
2025-06-02,YouGov,Economist,"1,610 A@@1610",0,46.61495,41.30330
2025-06-02,Morning Consult,,"2,205 RV@@2205",0,44.62464,41.30330
2025-06-01,Trafalgar Group,,"1,098 LV@@1098",0,50.58903,41.30330
2025-05-30,Rasmussen Reports,,"1,500 LV@@1500",0,49.56205,41.30330
2025-05-30,TIPP Insights,Issues & Insights,"1,395 A@@1395",0,43.82496,41.30330
2025-05-29,John Zogby Strategies,,"1,000 LV@@1000",0,47.47634,41.30330
2025-05-29,RMG Research,Napolitan News Service,"3,000 RV@@3000",0,44.83949,41.30330
2025-05-29,Rasmussen Reports,,"1,500 LV@@1500",0,49.56205,41.30330
2025-05-28,Rasmussen Reports,,"1,500 LV@@1500",0,48.56205,41.30330
2025-05-28,Wick,2Way,"1,000 RV@@1000",0,46.68094,41.30330
2025-05-27,AtlasIntel,,"3,469 A@@3469",0,44.06828,41.30330
2025-05-27,Rasmussen Reports,,"1,500 LV@@1500",0,49.56205,41.30330
2025-05-27,YouGov,Yahoo News,"1,560 A@@1560",0,42.61495,41.30330
2025-05-26,YouGov,Economist,"1,660 A@@1660",0,45.61495,41.30330
2025-05-26,Rasmussen Reports,,"1,500 LV@@1500",0,48.56205,41.30330
2025-05-25,Morning Consult,,"2,208 RV@@2208",0,46.62464,41.30330
2025-05-23,Rasmussen Reports,,"1,500 LV@@1500",0,47.56205,41.30330
2025-05-22,Rasmussen Reports,,"1,500 LV@@1500",0,46.56205,41.30330
2025-05-21,Rasmussen Reports,,"1,500 LV@@1500",0,45.56205,41.30330
2025-05-21,RMG Research,Napolitan News Service,"3,000 RV@@3000",0,43.83949,41.30330
2025-05-20,Civiqs,Daily Kos,"1,018 RV@@1018",0,46.56337,41.30330
2025-05-20,American Research Group,,"1,100 A@@1100",0,43.79819,41.30330
2025-05-20,Rasmussen Reports,,"1,500 LV@@1500",0,45.56205,41.30330
2025-05-19,InsiderAdvantage,,"1,000 LV@@1000",0,51.07902,41.30330
2025-05-19,Rasmussen Reports,,"1,500 LV@@1500",0,45.56205,41.30330
2025-05-19,Fabrizio Ward,Pinpoint Policy Institute,800 RV@@800,0,45.93021,41.30330
2025-05-19,YouGov,Economist,"1,710 A@@1710",0,44.61495,41.30330
2025-05-19,Morning Consult,,"2,208 RV@@2208",0,46.62464,41.30330
2025-05-18,Global Strategy Group/GBAO (Navigator Research),,"1,000 RV@@1000",0,44.38024,41.30330
2025-05-18,Gallup,,"1,003 A@@1003",0,45.02891,41.30330
2025-05-18,Ipsos,Reuters,"1,024 A@@1024",0,44.02571,41.30330
2025-05-16,Rasmussen Reports,,"1,500 LV@@1500",0,45.56205,41.30330
2025-05-16,YouGov,,"1,118 A@@1118",0,45.61495,41.30330
2025-05-15,Rasmussen Reports,,"1,500 LV@@1500",0,47.56205,41.30330
2025-05-15,Marquette University Law School,,"1,004 A@@1004",0,45.78012,41.30330
2025-05-15,Harris Insights & Analytics,Harvard CAPS,"1,903 RV@@1903",0,45.54302,41.30330
2025-05-15,RMG Research,Napolitan News Service,"3,000 RV@@3000",0,47.83949,41.30330
2025-05-14,J.L. Partners,Daily Mail,"1,003 RV@@1003",0,45.10332,41.30330
2025-05-14,Rasmussen Reports,,"1,500 LV@@1500",0,46.56205,41.30330
2025-05-13,The Bullfinch Group,,"1,200 A@@1200",0,45.6516,41.30330
2025-05-13,Ipsos,Reuters,"1,163 A@@1163",0,46.02571,41.30330
2025-05-13,Rasmussen Reports,,"1,500 LV@@1500",0,47.56205,41.30330
2025-05-12,YouGov,Economist,"1,786 A@@1786",0,44.61495,41.30330
2025-05-12,Rasmussen Reports,,"1,500 LV@@1500",0,48.56205,41.30330
2025-05-12,Echelon Insights,,"1,000 LV@@1000",0,45.055,41.30330
2025-05-11,Morning Consult,,"2,221 RV@@2221",0,44.62464,41.30330
2025-05-09,Wick,2Way,"1,000 RV@@1000",0,46.68094,41.30330
2025-05-09,Rasmussen Reports,,"1,500 LV@@1500",0,48.56205,41.30330
2025-05-09,co/efficient,,"1,462 LV@@1462",0,48.08217,41.30330
2025-05-08,Morning Consult,,"34,159 A@@34159",0,44.86464,41.30330
2025-05-08,Rasmussen Reports,,"1,500 LV@@1500",0,47.56205,41.30330
2025-05-08,YouGov,,"1,143 A@@1143",0,43.61495,41.30330
2025-05-08,RMG Research,Napolitan News Service,"3,000 RV@@3000",0,44.83949,41.30330
2025-05-07,Rasmussen Reports,,"1,500 LV@@1500",0,46.56205,41.30330
2025-05-06,Verasight,Strength in Numbers,"1,000 A@@1000",0,41.01431,41.30330
2025-05-06,Rasmussen Reports,,"1,500 LV@@1500",0,46.56205,41.30330
2025-05-05,AP-NORC,,"1,175 LV@@1175",0,43.28137,41.30330
2025-05-05,Rasmussen Reports,,"1,500 LV@@1500",0,47.56205,41.30330
2025-05-05,YouGov,Economist,"1,850 A@@1850",0,43.61495,41.30330
2025-05-04,Morning Consult,,"2,263 RV@@2263",0,44.62464,41.30330
2025-05-04,Rasmussen Reports,Heartland Institute,"1,067 LV@@1067",0,44.56205,41.30330
2025-05-03,High Point University,,"1,000 A@@1000",0,42.83036,41.30330
2025-05-02,TIPP Insights,,"1,400 A@@1400",0,42.82496,41.30330
2025-05-02,Rasmussen Reports,,"1,500 LV@@1500",0,46.56205,41.30330
2025-05-02,YouGov,,"2,220 A@@2220",0,43.61495,41.30330
2025-05-01,Trafalgar Group/Insider Advantage,,"1,200 LV@@1200",0,44.02127,41.30330
2025-05-01,RMG Research,Napolitan News Service,"3,000 RV@@3000",0,44.83949,41.30330
2025-05-01,Rasmussen Reports,,"1,500 LV@@1500",0,46.56205,41.30330
2025-04-30,Wick,2Way,"1,000 RV@@1000",0,42.68094,41.30330
2025-04-30,Rasmussen Reports,,"1,500 LV@@1500",0,46.56205,41.30330
2025-04-30,Lord Ashcroft Polls,,"10,000 A@@10000",0,44.66098,41.30330
2025-04-29,Rasmussen Reports,,"1,500 LV@@1500",0,44.56205,41.30330
2025-04-28,YouGov,Economist,"1,785 A@@1785",0,43.61495,41.30330
2025-04-28,Global Strategy Group/GBAO (Navigator Research),,"1,000 RV@@1000",0,44.38024,41.30330
2025-04-28,YouGov,Yahoo News,"1,597 A@@1597",0,43.61495,41.30330
2025-04-28,J.L. Partners,Daily Mail,"1,006 RV@@1006",0,41.10332,41.30330
2025-04-28,Rasmussen Reports,,"1,500 LV@@1500",0,43.56205,41.30330
2025-04-28,Emerson College,,"1,000 RV@@1000",0,44.25829,41.30330
2025-04-27,Morning Consult,,"2,224 RV@@2224",0,43.62464,41.30330
2025-04-27,NewsNation,,"1,448 RV@@1448",0,44.17906,41.30330
2025-04-27,Ipsos,Reuters,"1,029 A@@1029",0,44.02571,41.30330
2025-04-25,Rasmussen Reports,,"1,500 LV@@1500",0,43.56205,41.30330
2025-04-25,YouGov,CBS News,"2,365 A@@2365",0,46.61495,41.30330
2025-04-24,SSRS,CNN,"1,678 A@@1678",0,42.11805,41.30330
2025-04-24,Rasmussen Reports,,"1,500 LV@@1500",0,43.56205,41.30330
2025-04-24,RMG Research,Napolitan News Service,"3,000 RV@@3000",0,44.83949,41.30330
2025-04-24,The Bullfinch Group,,"1,200 A@@1200",0,46.6516,41.30330
2025-04-24,The New York Times/Siena College,,913 RV@@913,0,42.38463,41.30330
2025-04-23,YouGov,The Times of London,"1,296 A@@1296",0,43.61495,41.30330
2025-04-23,Marist College,NPR | PBS News,"1,439 A@@1439",0,43.02982,41.30330
2025-04-23,Rasmussen Reports,,"1,500 LV@@1500",0,45.56205,41.30330
2025-04-23,John Zogby Strategies,,"1,000 V@@1000",0,47.27634,41.30330
2025-04-22,Rasmussen Reports,,"1,500 LV@@1500",0,46.56205,41.30330
2025-04-22,YouGov,Economist,"1,625 A@@1625",0,42.61495,41.30330
2025-04-22,Ipsos,The Washington Post | ABC News,"2,464 A@@2464",0,41.02571,41.30330
2025-04-21,Beacon Research/Shaw & Co. Research,FOX News,"1,104 RV@@1104",0,43.43835,41.30330
2025-04-21,Rasmussen Reports,,"1,500 LV@@1500",0,46.56205,41.30330
2025-04-21,Ipsos,Reuters,"4,306 A@@4306",0,44.02571,41.30330
2025-04-21,AP-NORC,,"1,260 A@@1260",0,41.28137,41.30330
2025-04-20,SurveyMonkey,NBC News,"19,682 A@@19682",0,45.15535,41.30330
2025-04-20,American Research Group,,"1,100 A@@1100",0,45.79819,41.30330
2025-04-20,Morning Consult,,"2,207 RV@@2207",0,44.62464,41.30330
2025-04-19,McLaughlin & Associates,America's New Majority Project,"2,000 RV@@2000",0,46.25003,41.30330
2025-04-18,Rasmussen Reports,,"1,500 LV@@1500",0,48.56205,41.30330
2025-04-18,OH Predictive Insights,Center Square,"2,527 RV@@2527",0,43.29945,41.30330
2025-04-17,Rasmussen Reports,,"1,500 LV@@1500",0,47.56205,41.30330
2025-04-17,YouGov,Elon University,"1,000 A@@1000",0,42.61495,41.30330
2025-04-16,RMG Research,Napolitan News Service,"3,000 RV@@3000",0,43.83949,41.30330
2025-04-16,Rasmussen Reports,,"1,500 LV@@1500",0,46.56205,41.30330
2025-04-15,YouGov,Economist,"1,512 A@@1512",0,43.61495,41.30330
2025-04-15,Rasmussen Reports,,"1,500 LV@@1500",0,46.56205,41.30330
2025-04-15,Civiqs,Daily Kos,"1,124 RV@@1124",0,45.56337,41.30330
2025-04-14,Clarity Campaign Labs,,"1,008 RV@@1008",0,45.05738,41.30330
2025-04-14,Rasmussen Reports,,"1,500 LV@@1500",0,46.56205,41.30330
2025-04-14,J.L. Partners,Daily Mail,"1,002 RV@@1002",0,48.10332,41.30330
2025-04-14,Echelon Insights,,"1,014 LV@@1014",0,46.055,41.30330
2025-04-14,AtlasIntel,,"2,347 A@@2347",0,45.66828,41.30330
2025-04-14,Gallup,,"1,006 A@@1006",0,46.02891,41.30330
2025-04-13,Hart Research Associates/Public Opinion Strategies,CNBC,"1,000 A@@1000",0,43.77336,41.30330
2025-04-13,Morning Consult,,"2,203 RV@@2203",0,43.62464,41.30330
2025-04-13,Pew Research Center,,"3,589 A@@3589",0,41.88805,41.30330
2025-04-12,RealClear Opinion Research,,"1,000 RV@@1000",0,44.3435,41.30330
2025-04-11,YouGov,CBS News,"2,410 A@@2410",0,48.61495,41.30330
2025-04-11,Rasmussen Reports,,"1,500 LV@@1500",0,44.56205,41.30330
2025-04-10,The Winston Group,Winning the Issues,"1,000 RV@@1000",0,40.74494,41.30330
2025-04-10,Harris Insights & Analytics,Harvard CAPS,"2,286 RV@@2286",0,46.54302,41.30330
2025-04-10,RMG Research,Napolitan News Service,"3,000 RV@@3000",0,44.83949,41.30330
2025-04-10,YouGov,,"1,151 A@@1151",0,42.61495,41.30330
2025-04-10,Rasmussen Reports,,"1,500 LV@@1500",0,44.56205,41.30330
2025-04-09,TIPP Insights,League of American Workers,"1,570 RV@@1570",0,43.82496,41.30330
2025-04-09,Rasmussen Reports,,"1,500 LV@@1500",0,43.56205,41.30330
2025-04-09,University of Massachusetts (Amherst),WCVB-TV,"1,000 A@@1000",0,45.181,41.30330
2025-04-08,YouGov,Economist,"1,741 A@@1741",0,44.61495,41.30330
2025-04-08,Rasmussen Reports,,"1,500 LV@@1500",0,43.56205,41.30330
2025-04-07,Rasmussen Reports,,"1,500 LV@@1500",0,43.56205,41.30330
2025-04-07,Morning Consult,,"32,875 A@@32875",0,46.42464,41.30330
2025-04-07,Quinnipiac University,,"1,407 RV@@1407",0,43.53584,41.30330
2025-04-07,Global Strategy Group/GBAO (Navigator Research),,"1,000 RV@@1000",0,44.38024,41.30330
2025-04-07,Harris Insights & Analytics,,"1,883 RV@@1883",0,45.54302,41.30330
2025-04-06,Morning Consult,,"2,207 RV@@2207",0,44.62464,41.30330
2025-04-04,Rasmussen Reports,,"1,500 LV@@1500",0,44.56205,41.30330
2025-04-03,RMG Research,Napolitan News Service,"3,000 RV@@3000",0,46.83949,41.30330
2025-04-03,J.L. Partners,Daily Mail,"1,019 RV@@1019",0,47.10332,41.30330
2025-04-03,Rasmussen Reports,,"1,500 LV@@1500",0,45.56205,41.30330
2025-04-03,Cygnal,,"1,500 LV@@1500",0,46.61921,41.30330
2025-04-02,Rasmussen Reports,,"1,500 LV@@1500",0,45.56205,41.30330
2025-04-02,Ipsos,Reuters,"1,468 A@@1468",0,45.02571,41.30330
2025-04-01,Fabrizio Lee & Associates/Impact Research,Wall Street Journal,"1,500 RV@@1500",0,45.81487,41.30330
2025-04-01,Rasmussen Reports,,"1,500 LV@@1500",0,46.56205,41.30330
2025-04-01,YouGov,Economist,"1,626 A@@1626",0,47.61495,41.30330
2025-04-01,YouGov,Economist,"1,626 A@@1626",0,47.61495,41.30330
2025-03-31,Rasmussen Reports,,"1,500 LV@@1500",0,47.56205,41.30330
2025-03-31,John Zogby Strategies,,"1,000 V@@1000",0,47.27634,41.30330
2025-03-30,Morning Consult,,"2,210 RV@@2210",0,45.62464,41.30330
2025-03-28,Targoz Market Research,Overton Insights,"1,200 RV@@1200",0,46.1853,41.30330
2025-03-28,YouGov,CBS News,"2,609 A@@2609",0,51.61495,41.30330
2025-03-28,Rasmussen Reports,,"1,500 LV@@1500",0,46.56205,41.30330
2025-03-28,TIPP Insights,,"1,452 A@@1452",0,44.82496,41.30330
2025-03-27,J.L. Partners,Daily Mail,"1,001 RV@@1001",0,45.10332,41.30330
2025-03-27,Rasmussen Reports,,"1,500 LV@@1500",0,46.56205,41.30330
2025-03-27,Marquette University Law School,,"1,021 A@@1021",0,45.78012,41.30330
2025-03-27,RMG Research,Napolitan News Service,"2,000 RV@@2000",0,47.83949,41.30330
2025-03-27,Harris Insights & Analytics,Harvard CAPS,"2,746 RV@@2746",0,47.54302,41.30330
2025-03-26,Rasmussen Reports,,"1,500 LV@@1500",0,47.56205,41.30330
2025-03-25,Rasmussen Reports,,"1,500 LV@@1500",0,48.56205,41.30330
2025-03-25,YouGov,Economist,"1,600 A@@1600",0,49.61495,41.30330
2025-03-24,YouGov,Yahoo News,"1,677 A@@1677",0,45.61495,41.30330
2025-03-24,AP-NORC,,"1,229 A@@1229",0,44.28137,41.30330
2025-03-24,Rasmussen Reports,,"1,500 LV@@1500",0,47.56205,41.30330
2025-03-23,GBAO,Third Way,"2,000 RV@@2000",0,47.52821,41.30330
2025-03-23,Morning Consult,,"2,206 RV@@2206",0,45.62464,41.30330
2025-03-23,Ipsos,Reuters,"1,030 A@@1030",0,47.02571,41.30330
2025-03-21,Rasmussen Reports,,"1,500 LV@@1500",0,48.56205,41.30330
2025-03-20,Public Religion Research Institute,,"5,025 A@@5025",0,44.18615,41.30330
2025-03-20,Rasmussen Reports,,"1,500 LV@@1500",0,47.56205,41.30330
2025-03-20,American Research Group,,"1,100 A@@1100",0,47.79819,41.30330
2025-03-19,Rasmussen Reports,,"1,500 LV@@1500",0,46.56205,41.30330
2025-03-19,RMG Research,Napolitan News Service,"3,000 RV@@3000",0,48.83949,41.30330
2025-03-18,Rasmussen Reports,,"1,500 LV@@1500",0,46.56205,41.30330
2025-03-18,Remington Research Group,Humanity for Freedom Foundation,800 LV@@800,0,49.15876,41.30330
2025-03-18,YouGov,Economist,"1,618 A@@1618",0,46.61495,41.30330
2025-03-17,Beacon Research/Shaw & Co. Research,FOX News,994 RV@@994,0,48.43835,41.30330
2025-03-17,North Star Opinion Research,Defending Democracy Together,"1,000 RV@@1000",0,46.2679,41.30330
2025-03-17,Global Strategy Group/GBAO (Navigator Research),,"1,000 RV@@1000",0,47.38024,41.30330
2025-03-17,Rasmussen Reports,,"1,500 LV@@1500",0,46.56205,41.30330
2025-03-16,Morning Consult,,"2,210 RV@@2210",0,46.62464,41.30330
2025-03-16,Gallup,,"1,002 A@@1002",0,45.02891,41.30330
2025-03-14,Rasmussen Reports,,"1,500 LV@@1500",0,46.56205,41.30330
2025-03-14,Blueprint Polling,,"1,400 LV@@1400",0,45.61543,41.30330
2025-03-13,Rasmussen Reports,,"1,500 LV@@1500",0,48.56205,41.30330
2025-03-13,RMG Research,Napolitan News Service,"3,000 RV@@3000",0,49.83949,41.30330
2025-03-13,Echelon Insights,,"1,007 LV@@1007",0,48.055,41.30330
2025-03-12,Rasmussen Reports,,"1,500 LV@@1500",0,48.56205,41.30330
2025-03-12,Ipsos,Reuters,"1,422 A@@1422",0,46.02571,41.30330
2025-03-12,AtlasIntel,,"2,550 A@@2550",0,46.86828,41.30330
2025-03-11,Rasmussen Reports,,"1,500 LV@@1500",0,47.56205,41.30330
2025-03-11,Hart Research Associates/Public Opinion Strategies,NBC News,"1,000 RV@@1000",0,46.77336,41.30330
2025-03-11,YouGov,Economist,"1,699 A@@1699",0,48.61495,41.30330
2025-03-10,Rasmussen Reports,,"1,500 LV@@1500",0,46.56205,41.30330
2025-03-10,Quinnipiac University,,"1,198 RV@@1198",0,44.53584,41.30330
2025-03-10,Emerson College,,"1,000 RV@@1000",0,46.75829,41.30330
2025-03-09,Morning Consult,,"2,219 RV@@2219",0,47.62464,41.30330
2025-03-09,SSRS,CNN,"1,206 A@@1206",0,46.11805,41.30330
2025-03-09,Clarity Campaign Labs,,"1,036 RV@@1036",0,49.05738,41.30330
2025-03-07,Rasmussen Reports,,"1,500 LV@@1500",0,47.56205,41.30330
2025-03-07,McLaughlin & Associates,America's New Majority Project,"2,000 RV@@2000",0,49.05004,41.30330
2025-03-07,J.L. Partners,Daily Mail,"1,019 RV@@1019",0,45.10332,41.30330
2025-03-06,TIPP Insights,League of American Workers,"1,720 RV@@1720",0,43.82496,41.30330
2025-03-06,Rasmussen Reports,,"1,500 LV@@1500",0,46.56205,41.30330
2025-03-06,Trafalgar Group/Insider Advantage,,800 RV@@800,0,47.72127,41.30330
2025-03-06,RMG Research,Napolitan News Service,"2,000 RV@@2000",0,46.83949,41.30330
2025-03-05,Rasmussen Reports,,"1,500 LV@@1500",0,46.56205,41.30330
2025-03-05,Morning Consult,,"34,217 A@@34217",0,47.36464,41.30330
2025-03-05,Cygnal,,"1,500 LV@@1500",0,47.01921,41.30330
2025-03-04,Rasmussen Reports,,"1,500 LV@@1500",0,47.56205,41.30330
2025-03-04,YouGov,Economist,"1,638 A@@1638",0,49.61495,41.30330
2025-03-04,Ipsos,Reuters,"1,174 A@@1174",0,46.02571,41.30330
2025-03-03,Rasmussen Reports,,"1,500 LV@@1500",0,46.56205,41.30330
2025-03-03,Emerson College,,"1,000 RV@@1000",0,47.55828,41.30330
2025-03-03,Civiqs,Daily Kos,"1,031 RV@@1031",0,47.56337,41.30330
2025-03-02,Public Opinion Strategies,Paragon Health Institute,"1,000 RV@@1000",0,50.05285,41.30330
2025-03-02,Morning Consult,,"2,229 RV@@2229",0,47.62464,41.30330
2025-03-02,The Justice Research Fund,Working Families Power,"2,049 RV@@2049",0,47.24888,41.30330
2025-03-01,John Zogby Strategies,,"1,001 V@@1001",0,46.97634,41.30330
2025-02-28,TIPP Insights,Issues & Insights,"1,434 A@@1434",0,46.82496,41.30330
2025-02-28,RMG Research,Napolitan News Service,"3,000 RV@@3000",0,48.83949,41.30330
2025-02-28,YouGov,CBS News,"2,311 A@@2311",0,52.61495,41.30330
2025-02-28,Rasmussen Reports,,"1,500 LV@@1500",0,46.56205,41.30330
2025-02-28,SSRS,CNN,"2,212 A@@2212",0,49.11805,41.30330
2025-02-27,AtlasIntel,,"2,849 A@@2849",0,49.86828,41.30330
2025-02-26,The Bullfinch Group,Independent Center,"1,200 A@@1200",0,47.6516,41.30330
2025-02-26,Rasmussen Reports,,"1,500 LV@@1500",0,46.56205,41.30330
2025-02-26,Marist College,NPR | PBS News,"1,694 A@@1694",0,46.02982,41.30330
2025-02-25,Rasmussen Reports,,"1,500 LV@@1500",0,46.56205,41.30330
2025-02-25,J.L. Partners,DailyMail.com,"1,001 RV@@1001",0,45.10332,41.30330
2025-02-25,YouGov,Economist,"1,604 A@@1604",0,49.61495,41.30330
2025-02-25,Rasmussen Reports,,"1,500 LV@@1500",0,46.56205,41.30330
2025-02-24,Global Strategy Group/GBAO (Navigator Research),,"1,000 RV@@1000",0,48.38024,41.30330
2025-02-24,YouGov,Hoover Institution,"1,645 A@@1645",0,48.61495,41.30330
2025-02-24,Rasmussen Reports,,"1,500 LV@@1500",0,47.56205,41.30330
2025-02-24,Morning Consult,,"2,225 RV@@2225",0,48.62464,41.30330
2025-02-23,Ipsos,Reuters,"1,029 A@@1029",0,46.02571,41.30330
2025-02-21,RMG Research,Napolitan News Service,"3,000 RV@@3000",0,48.83949,41.30330
2025-02-21,Rasmussen Reports,,"1,500 LV@@1500",0,46.56205,41.30330
2025-02-20,Rasmussen Reports,,"1,500 LV@@1500",0,47.56205,41.30330
2025-02-20,Echelon Insights,NetChoice,"1,006 LV@@1006",0,47.055,41.30330
2025-02-20,Harris Insights & Analytics,Harvard CAPS,"2,443 RV@@2443",0,50.54302,41.30330
2025-02-20,American Research Group,,"1,100 A@@1100",0,45.79819,41.30330
2025-02-20,YouGov,,"1,137 A@@1137",0,49.61495,41.30330
2025-02-19,Rasmussen Reports,,"1,500 LV@@1500",0,48.56205,41.30330
2025-02-19,OnMessage Inc.,Rescuing the American Dream,"1,000 LV@@1000",0,49.51688,41.30330
2025-02-18,Rasmussen Reports,,"1,500 LV@@1500",0,49.56205,41.30330
2025-02-18,McLaughlin & Associates,,"1,000 LV@@1000",0,49.65004,41.30330
2025-02-18,Ipsos,Reuters,"4,145 A@@4145",0,46.02571,41.30330
2025-02-18,YouGov,Economist,"1,603 A@@1603",0,51.61495,41.30330
2025-02-18,YouGov,,"1,135 A@@1135",0,47.61495,41.30330
2025-02-18,Ipsos,The Washington Post,"2,601 A@@2601",0,47.02571,41.30330
2025-02-17,SSRS,CNN,"1,206 A@@1206",0,48.11805,41.30330
2025-02-17,Emerson College,,"1,000 RV@@1000",0,47.35828,41.30330
2025-02-17,co/efficient,,"2,063 LV@@2063",0,47.08217,41.30330
2025-02-17,Quinnipiac University,,"1,039 RV@@1039",0,47.53584,41.30330
2025-02-17,Rasmussen Reports,,"1,500 LV@@1500",0,48.56205,41.30330
2025-02-17,Blueprint Polling,,"1,383 RV@@1383",0,47.61543,41.30330
2025-02-16,SurveyUSA,,"2,000 A@@2000",0,50.24984,41.30330
2025-02-16,Morning Consult,,"2,217 RV@@2217",0,48.62464,41.30330
2025-02-16,Gallup,,"1,004 A@@1004",0,47.02891,41.30330
2025-02-15,Harris Insights & Analytics,Deseret News,"1,009 RV@@1009",0,50.54302,41.30330
2025-02-14,Rasmussen Reports,,"1,500 LV@@1500",0,49.56205,41.30330
2025-02-14,RMG Research,Napolitan News Service,"3,000 RV@@3000",0,50.83949,41.30330
2025-02-13,Rasmussen Reports,,"1,500 LV@@1500",0,50.56205,41.30330
2025-02-13,Echelon Insights,,"1,010 LV@@1010",0,51.055,41.30330
2025-02-12,Rasmussen Reports,,"1,500 LV@@1500",0,50.56205,41.30330
2025-02-11,Rasmussen Reports,,"1,500 LV@@1500",0,49.56205,41.30330
2025-02-11,YouGov,Elon University,"1,000 A@@1000",0,46.61495,41.30330
2025-02-11,YouGov,Economist,"1,595 A@@1595",0,47.61495,41.30330
2025-02-10,Rasmussen Reports,,"1,500 LV@@1500",0,49.56205,41.30330
2025-02-09,Trafalgar Group/Insider Advantage,,"1,321 RV@@1321",0,52.12127,41.30330
2025-02-09,Morning Consult,,"2,230 RV@@2230",0,48.62464,41.30330
2025-02-09,J.L. Partners,Daily Mail,"1,017 RV@@1017",0,46.10332,41.30330
2025-02-07,YouGov,CBS News,"2,175 A@@2175",0,54.61495,41.30330
2025-02-07,Rasmussen Reports,,"1,500 LV@@1500",0,48.56205,41.30330
2025-02-06,Rasmussen Reports,,"1,500 LV@@1500",0,47.56205,41.30330
2025-02-06,RMG Research,Napolitan News Service,"3,000 RV@@3000",0,46.83949,41.30330
2025-02-06,Clarity Campaign Labs,,"1,102 RV@@1102",0,47.05738,41.30330
2025-02-05,Marquette University Law School,,"1,063 A@@1063",0,47.78012,41.30330
2025-02-05,Rasmussen Reports,,"1,500 LV@@1500",0,47.56205,41.30330
2025-02-05,Cygnal,,"1,500 LV@@1500",0,49.41921,41.30330
2025-02-04,YouGov,Economist,"1,604 A@@1604",0,47.61495,41.30330
2025-02-04,Rasmussen Reports,,"1,500 LV@@1500",0,47.56205,41.30330
2025-02-03,Global Strategy Group/GBAO (Navigator Research),,"1,000 RV@@1000",0,49.38024,41.30330
2025-02-03,Morning Consult,,"2,303 RV@@2303",0,47.62464,41.30330
2025-02-03,Rasmussen Reports,,"1,500 LV@@1500",0,48.56205,41.30330
2025-02-02,Pew Research Center,,"5,086 A@@5086",0,48.88805,41.30330
2025-02-01,Fabrizio Lee & Associates/Impact Research,AARP,"3,000 RV@@3000",0,47.81487,41.30330
2025-01-31,RMG Research,Napolitan News Service,"4,000 RV@@4000",0,48.83949,41.30330
2025-01-31,TIPP Insights,,"1,478 A@@1478",0,46.82496,41.30330
2025-01-31,Rasmussen Reports,,"1,500 LV@@1500",0,48.56205,41.30330
2025-01-30,Rasmussen Reports,,"1,500 LV@@1500",0,48.56205,41.30330
2025-01-29,Rasmussen Reports,,"1,500 LV@@1500",0,46.56205,41.30330
2025-01-28,YouGov,Economist,"1,577 A@@1577",0,50.61495,41.30330
2025-01-28,YouGov,Economist,"1,577 A@@1577",0,50.61495,41.30330
2025-01-28,Emerson College,,"1,000 RV@@1000",0,48.05828,41.30330
2025-01-28,co/efficient,,"1,570 LV@@1570",0,51.08217,41.30330
2025-01-28,Rasmussen Reports,,"1,500 LV@@1500",0,48.56205,41.30330
2025-01-27,Rasmussen Reports,,"1,500 LV@@1500",0,48.56205,41.30330
2025-01-27,Gallup,,"1,001 A@@1001",0,49.02891,41.30330
2025-01-27,Quinnipiac University,,"1,019 RV@@1019",0,48.53584,41.30330
2025-01-27,Morning Consult,,"36,357 A@@36357",0,50.97464,41.30330
2025-01-27,McLaughlin & Associates,,"1,000 LV@@1000",0,50.65004,41.30330
2025-01-26,Morning Consult,,"2,302 RV@@2302",0,50.62464,41.30330
2025-01-26,Ipsos,Reuters,"1,034 A@@1034",0,47.02571,41.30330
2025-01-24,Research Co.,,"1,001 A@@1001",0,50.02621,41.30330
2025-01-24,Rasmussen Reports,,"1,500 LV@@1500",0,48.56205,41.30330
2025-01-24,Echelon Insights,,"1,024 LV@@1024",0,50.055,41.30330
2025-01-23,RMG Research,Napolitan News Service,"3,000 RV@@3000",0,52.83949,41.30330
2025-01-23,AtlasIntel,,"1,882 A@@1882",0,49.66828,41.30330
2025-01-21,Ipsos,Reuters,"1,077 A@@1077",0,49.02571,41.30330
2025-01-20,InsiderAdvantage,,800 RV@@800,0,52.47902,41.30330
